{"\ufeff": 8.350800424220661e-06, "t": 0.07279392729793151, "h": 0.04663922036927239, "e": 0.09082330541382391, " ": 0.1964692815806395, "p": 0.012158765417665283, "r": 0.04481039507636807, "o": 0.0588898445916041, "j": 0.0013277772674510852, "c": 0.016693250048017104, "g": 0.014764215150022129, "u": 0.023657817601817135, "n": 0.046438801159091096, "b": 0.0126097086405732, "k": 0.0057871046939849185, "f": 0.017035632865410148, "s": 0.048275977252419645, "a": 0.049804173730052026, "'": 0.005503177479561416, ",": 0.01625900842595763, "y": 0.019340453782495052, "w": 0.018213095725225264, "i": 0.05023006455168728, "l": 0.030480421548405415, "m": 0.02057637224527971, "\n": 0.025294574484964385, "d": 0.0275242381982313, "v": 0.009336194874278699, ".": 0.004901919849017528, "-": 0.0019373856984191934, ":": 0.001578301280177705, "7": 6.680640339376529e-05, "2": 8.350800424220662e-05, "0": 0.00020877001060551654, "1": 0.0005762052292712257, "4": 0.00012526200636330992, "[": 8.350800424220661e-06, "#": 8.350800424220661e-06, "]": 8.350800424220661e-06, "9": 9.185880466642728e-05, "*": 0.00023382241187817852, "z": 0.0001920684097570752, ";": 0.0025135909276904193, "x": 0.002613800532781067, "!": 0.0008350800424220662, "?": 0.0008100276411494041, "q": 0.0005177496263016811, "(": 0.0001503144076359719, ")": 0.0001503144076359719, "/": 0.0001085604055148686, "\"": 0.00018371760933285456, "8": 7.515720381798595e-05, "3": 9.185880466642728e-05, "5": 9.185880466642728e-05, "6": 5.845560296954463e-05, "%": 8.350800424220661e-06, "@": 8.350800424220661e-06, "$": 1.6701600848441322e-05}